,entity,mark,head,tail
0,鹭,1,,
1,国务院,1,,
2,截至,1,,
3,2021年,1,,
4,总面积,1,,
5,常住人口,1,,
0,,1,鹭,国务院
1,,1,鹭,截至
2,,1,鹭,2021年
3,,1,鹭,总面积
4,,1,鹭,常住人口
5,,1,国务院,鹭
6,,1,国务院,截至
7,,1,国务院,2021年
8,,1,国务院,总面积
9,,1,国务院,常住人口
10,,1,截至,鹭
11,,1,截至,国务院
12,,1,截至,2021年
13,,1,截至,总面积
14,,1,截至,常住人口
15,,1,2021年,鹭
16,,1,2021年,国务院
17,,1,2021年,截至
18,,1,2021年,总面积
19,,1,2021年,常住人口
20,,1,总面积,鹭
21,,1,总面积,国务院
22,,1,总面积,截至
23,,1,总面积,2021年
24,,1,总面积,常住人口
25,,1,常住人口,鹭
26,,1,常住人口,国务院
27,,1,常住人口,截至
28,,1,常住人口,2021年
29,,1,常住人口,总面积
